{
  "asks":
  [
    [5.262076,4.71794585],
    [5.262078,85.3121742],
    [5.262079,11.30795326],
    [5.262125,2],
    [5.262205,10],
    [5.262284,10],
    [5.26229,0.1],
    [5.263,0.13918],
    [5.263998,5.647896],
    [5.265235,0.1],
    [5.267,0.5],
    [5.267999,14.35590811],
    [5.26877,37.91182475],
    [5.268821,365.31517384],
    [5.269,0.1],
    [5.269064,0.4],
    [5.269678,0.4],
    [5.269999,35],
    [5.27,1293.43289098],
    [5.270167,0.2],
    [5.274,0.120198],
    [5.275,0.1],
    [5.275298,1],
    [5.275478,0.1],
    [5.276013,0.94223],
    [5.276219,0.1]
  ],
  "bids":
  [
    [5.23,187.71323343],
    [5.226853,344.4999912],
    [5.226852,341.5564],
    [5.225852,100],
    [5.224,935.57763123],
    [5.2189,0.60971318],
    [5.21874,0.1],
    [5.21349,0.1],
    [5.209459,19.406381],
    [5.20824,0.1],
    [5.20299,0.1],
    [5.20232,17.32879062],
    [5.199,0.11],
    [5.19774,0.1],
    [5.197461,0.1005],
    [5.197,0.25055],
    [5.19249,0.1],
    [5.19,71.435],
    [5.01,226.32824176]
  ]
}
